model,epoch,training_bce
mean,1,0.4664711957392485
mean,2,0.2598089970972227
mean,3,0.16154419520626898
mean,4,0.10923510841701342
mean,5,0.07112335860729217
mean,6,0.06236053782960643
mean,7,0.04695114409146101
mean,8,0.05530123257118723
mean,9,0.0310327907619269
mean,10,0.0320244444453198
mean,11,0.03209264390170574
mean,12,0.023004088664184446
mean,13,0.013749465832243795
mean,14,0.034316160432670426
mean,15,0.0314974277563717
mean,16,0.021235045320961786
mean,17,0.021726146340370178
mean,18,0.03885486812695213
mean,19,0.02253058783548034
mean,20,0.017774303937735766
mean,21,0.012372453834699548
mean,22,0.016058883447523997
mean,23,0.012543769512811432
mean,24,0.021076013402932366
mean,25,0.01415976736208667
attention,1,0.45092338556828704
attention,2,0.25078092334063157
attention,3,0.15732323047907457
attention,4,0.1116153488340585
attention,5,0.07523106887288715
attention,6,0.04995948983275372
attention,7,0.051072945397185245
attention,8,0.030139874375384786
attention,9,0.031095342143722202
attention,10,0.02572784449743188
attention,11,0.018078654745350715
attention,12,0.013778918366069379
attention,13,0.012186338809197363
attention,14,0.023853511654812358
attention,15,0.029227499599042146
attention,16,0.025041869444691618
attention,17,0.028458721417447794
attention,18,0.013674441166222096
attention,19,0.016750011252968208
attention,20,0.009571869072058927
attention,21,0.014502368996972622
attention,22,0.00467615793256656
attention,23,0.017338751734274883
attention,24,0.022897906534616715
attention,25,0.013485144451260566
