family_a,family_b,tracks,artists
drums,drums,123,87
drums,bass,105,83
drums,guitar,80,65
drums,piano,56,37
drums,strings,17,14
bass,drums,105,83
bass,bass,122,91
bass,guitar,75,65
bass,piano,50,36
bass,strings,27,20
guitar,drums,80,65
guitar,bass,75,65
guitar,guitar,93,70
guitar,piano,36,25
guitar,strings,18,12
piano,drums,56,37
piano,bass,50,36
piano,guitar,36,25
piano,piano,86,51
piano,strings,27,17
strings,drums,17,14
strings,bass,27,20
strings,guitar,18,12
strings,piano,27,17
strings,strings,55,30
